grim,cause_of_death,year,sex,age_group,deaths,crude_rate_per_100000,age_standardised_rate_per_100000
GRIM0100,All certain infectious and parasitic diseases,1911,Females,Total,5124.0,239.2,283.6
GRIM1700,"All congenital malformations, deformations and chromosomal abnormalities",2023,Persons,80–84,17.0,2.9,
GRIM2013,Land transport accidents,2012,Females,0–4,17.0,2.3,
GRIM0246,Skin cancer,1979,Females,75–79,21.0,14.0,
GRIM0225,Lung cancer,1918,Persons,25–29,,,
GRIM0100,All certain infectious and parasitic diseases,1908,Persons,Total,8859.0,208.4,261.6
GRIM0100,All certain infectious and parasitic diseases,1920,Persons,Total,6255.0,116.8,126.8
GRIM2017,Intentional self-harm (suicide),1915,Females,Total,122.0,5.2,6.1
GRIM0115,Vaccine-preventable diseases,1941,Females,45–49,,,
GRIM1500,"All pregnancy, childbirth and the puerperium",1992,Females,10–14,0.0,0.0,
GRIM0260,Colorectal cancer,1912,Males,55–59,,,
GRIM0700,All diseases of the eye and adnexa,2006,Males,55–59,0.0,0.0,
GRIM0907,Heart failure,1948,Females,85+,,,
GRIM0239,Pancreatic cancer,1970,Persons,Total,880.0,7.0,10.2
GRIM2003,Accidental drowning,1930,Persons,55–59,,,
GRIM0800,All diseases of the ear and mastoid process,1935,Persons,0–4,16.0,3.0,
GRIM0403,Diabetes,1962,Females,Total,799.0,15.1,20.1
GRIM2025,Accidental poisoning,2004,Persons,70–74,11.0,1.8,
GRIM1200,All diseases of the skin and subcutaneous tissue,1993,Females,0–4,1.0,0.2,
GRIM0913,Stroke,1989,Persons,15–19,8.0,0.6,
GRIM0115,Vaccine-preventable diseases,1984,Persons,85+,,,
GRIM0900,All diseases of the circulatory system,1995,Males,20–24,32.0,4.4,
GRIM1008,Chronic obstructive pulmonary disease (COPD),1961,Males,70–74,,,
GRIM0904,Cerebrovascular disease,1961,Persons,25–29,28.0,4.3,
GRIM1407,Kidney failure,1907,Persons,55–59,,,
GRIM0800,All diseases of the ear and mastoid process,1986,Females,20–24,0.0,0.0,
GRIM2001,"Accidental poisoning, including drugs causing adverse effects in therapeutic use ",2012,Females,0–4,0.0,0.0,
GRIM1021,Selected respiratory conditions,1973,Males,70–74,,,
GRIM0909,Coronary heart disease,2020,Persons,25–29,14.0,0.7,
GRIM1021,Selected respiratory conditions,1929,Males,85+,,,
GRIM0260,Colorectal cancer,2008,Females,40–44,26.0,3.4,
GRIM2003,Accidental drowning,1908,Males,60–64,,,
GRIM0115,Vaccine-preventable diseases,1973,Females,25–29,,,
GRIM2003,Accidental drowning,1945,Persons,Total,,,
GRIM1004,Asthma,2008,Females,50–54,4.0,0.6,
GRIM0700,All diseases of the eye and adnexa,1986,Females,35–39,0.0,0.0,
GRIM0904,Cerebrovascular disease,1982,Persons,60–64,731.0,114.9,
GRIM2009,Assault,1971,Persons,45–49,22.0,2.8,
GRIM1407,Kidney failure,1940,Persons,85+,,,
GRIM1304,Osteoporosis,1942,Persons,45–49,,,
GRIM1801,Sudden infant death syndrome (SIDS),2021,Males,55–59,0.0,0.0,
GRIM0400,"All endocrine, nutritional and metabolic diseases",2000,Persons,35–39,35.0,2.3,
GRIM1020,Influenza and pneumonia,1993,Persons,50–54,27.0,3.0,
GRIM1300,All diseases of the musculoskeletal system and connective tissue,1916,Males,85+,,,
GRIM0100,All certain infectious and parasitic diseases,1926,Persons,70–74,176.0,199.3,
GRIM0115,Vaccine-preventable diseases,2010,Females,20–24,0.0,0.0,
GRIM0239,Pancreatic cancer,1951,Males,0–4,0.0,0.0,
GRIM0005,Chronic kidney disease,1951,Persons,35–39,,,
GRIM2001,"Accidental poisoning, including drugs causing adverse effects in therapeutic use ",1920,Persons,80–84,,,
GRIM0900,All diseases of the circulatory system,1948,Males,0–4,23.0,5.5,
GRIM0700,All diseases of the eye and adnexa,1938,Persons,55–59,0.0,0.0,
GRIM0600,All diseases of the nervous system,1995,Persons,60–64,109.0,15.4,
GRIM2013,Land transport accidents,1921,Persons,65–69,,,
GRIM2013,Land transport accidents,2022,Females,80–84,26.0,8.5,
GRIM0225,Lung cancer,1938,Persons,Total,,,
GRIM1600,All certain conditions originating in the perinatal period,2022,Persons,0–4,515.0,34.0,
GRIM1306,Rheumatoid arthritis,1994,Females,5–9,0.0,0.0,
GRIM1407,Kidney failure,1925,Males,60–64,,,
GRIM0800,All diseases of the ear and mastoid process,1987,Females,45–49,0.0,0.0,
GRIM1021,Selected respiratory conditions,1912,Persons,35–39,,,
GRIM1008,Chronic obstructive pulmonary disease (COPD),1918,Persons,50–54,,,
GRIM0403,Diabetes,1915,Persons,60–64,56.0,44.6,
GRIM0115,Vaccine-preventable diseases,2019,Males,65–69,0.0,0.0,
GRIM0403,Diabetes,1922,Persons,30–34,20.0,4.4,
GRIM1004,Asthma,1907,Males,25–29,1.0,0.5,
GRIM1106,Liver disease,1990,Persons,0–4,2.0,0.2,
GRIM0200,All neoplasms,1939,Females,35–39,138.0,58.2,
GRIM0246,Skin cancer,1911,Females,Total,39.0,1.8,6.6
GRIM0225,Lung cancer,2018,Persons,65–69,1283.0,106.0,
GRIM0600,All diseases of the nervous system,1993,Persons,0–4,76.0,5.9,
GRIM1700,"All congenital malformations, deformations and chromosomal abnormalities",1937,Females,10–14,,,
GRIM0227,Melanoma,2000,Persons,35–39,37.0,2.5,
GRIM1407,Kidney failure,2021,Females,75–79,104.0,24.8,
GRIM2025,Accidental poisoning,1990,Males,40–44,13.0,2.0,
GRIM0600,All diseases of the nervous system,1982,Females,5–9,12.0,2.0,
GRIM1304,Osteoporosis,1910,Males,35–39,,,
GRIM1800,"All symptoms, signs and abnormal clinical and laboratory findings, not elsewhere classified",1910,Persons,65–69,,,
GRIM0900,All diseases of the circulatory system,1912,Females,85+,170.0,4506.9,
GRIM1021,Selected respiratory conditions,1986,Persons,80–84,,,
GRIM0700,All diseases of the eye and adnexa,1951,Males,Total,1.0,0.0,0.1
GRIM1008,Chronic obstructive pulmonary disease (COPD),1989,Persons,65–69,798.0,122.8,
GRIM1801,Sudden infant death syndrome (SIDS),1914,Females,75–79,,,
GRIM0500,All mental and behavioural disorders,1937,Males,0–4,,,
GRIM0605,Motor neurone disease,2010,Persons,60–64,84.0,7.0,
GRIM2009,Assault,1921,Females,40–44,0.0,0.0,
GRIM0600,All diseases of the nervous system,1975,Females,80–84,57.0,65.9,
GRIM1100,All diseases of the digestive system,1968,Females,30–34,8.0,2.3,
GRIM2017,Intentional self-harm (suicide),2012,Males,Total,1929.0,17.1,17.0
GRIM0908,Hypertensive disease,1999,Females,85+,373.0,225.8,
GRIM2025,Accidental poisoning,1938,Males,35–39,,,
GRIM1022,Acute severe asthma,2002,Males,80–84,0.0,0.0,
GRIM0500,All mental and behavioural disorders,1984,Persons,60–64,42.0,6.1,
GRIM0260,Colorectal cancer,1953,Persons,50–54,,,
GRIM0300,All diseases of the blood and blood-forming organs and certain disorders involving the immune mechanism,1957,Females,5–9,,,
GRIM1500,"All pregnancy, childbirth and the puerperium",1970,Females,80–84,0.0,0.0,
GRIM0907,Heart failure,2004,Males,85+,415.0,462.2,
GRIM1302,Osteoarthritis,2003,Males,50–54,0.0,0.0,
GRIM1600,All certain conditions originating in the perinatal period,1976,Females,0–4,660.0,109.0,
GRIM2003,Accidental drowning,1997,Persons,60–64,11.0,1.5,
GRIM0908,Hypertensive disease,2008,Males,75–79,84.0,33.4,
GRIM0800,All diseases of the ear and mastoid process,1910,Males,45–49,0.0,0.0,
GRIM0100,All certain infectious and parasitic diseases,1911,Males,70–74,102.0,348.7,
GRIM1302,Osteoarthritis,1927,Females,65–69,,,
GRIM1700,"All congenital malformations, deformations and chromosomal abnormalities",1923,Persons,Total,,,
GRIM0904,Cerebrovascular disease,1907,Females,15–19,2.0,1.0,
GRIM0800,All diseases of the ear and mastoid process,1970,Females,Total,3.0,0.0,0.0
GRIM0206,Breast cancer,1945,Females,60–64,120.0,77.6,
GRIM0005,Chronic kidney disease,1989,Females,0–4,8.0,1.3,
GRIM0913,Stroke,2003,Persons,75–79,1346.0,252.8,
GRIM0500,All mental and behavioural disorders,1975,Males,10–14,2.0,0.3,
GRIM1400,All diseases of the genitourinary system,2016,Persons,30–34,6.0,0.3,
GRIM2001,"Accidental poisoning, including drugs causing adverse effects in therapeutic use ",1952,Persons,80–84,,,
GRIM0003,Dementia including Alzheimer's disease,1966,Persons,20–24,,,
GRIM1008,Chronic obstructive pulmonary disease (COPD),1958,Persons,75–79,,,
GRIM0400,"All endocrine, nutritional and metabolic diseases",2004,Males,35–39,15.0,2.1,
GRIM1004,Asthma,1930,Persons,80–84,10.0,38.0,
GRIM0908,Hypertensive disease,1908,Persons,10–14,,,
GRIM1700,"All congenital malformations, deformations and chromosomal abnormalities",2006,Males,60–64,8.0,1.6,
GRIM0400,"All endocrine, nutritional and metabolic diseases",2010,Males,80–84,569.0,305.4,
GRIM2017,Intentional self-harm (suicide),1979,Males,70–74,43.0,26.1,
GRIM1407,Kidney failure,1971,Males,35–39,,,
GRIM0300,All diseases of the blood and blood-forming organs and certain disorders involving the immune mechanism,1959,Females,5–9,,,
GRIM1400,All diseases of the genitourinary system,1915,Persons,65–69,,,
GRIM1100,All diseases of the digestive system,1943,Males,85+,,,
GRIM1400,All diseases of the genitourinary system,1946,Females,Total,,,
GRIM2003,Accidental drowning,1953,Males,30–34,,,
GRIM0907,Heart failure,1924,Females,25–29,,,
GRIM2009,Assault,1996,Persons,30–34,40.0,2.8,
GRIM0115,Vaccine-preventable diseases,1963,Males,45–49,,,
GRIM1800,"All symptoms, signs and abnormal clinical and laboratory findings, not elsewhere classified",1948,Persons,40–44,,,
GRIM1407,Kidney failure,1947,Persons,20–24,,,
GRIM0005,Chronic kidney disease,2020,Persons,5–9,0.0,0.0,
GRIM2025,Accidental poisoning,1992,Females,35–39,4.0,0.6,
GRIM1600,All certain conditions originating in the perinatal period,1987,Persons,75–79,0.0,0.0,
GRIM1021,Selected respiratory conditions,1974,Males,25–29,,,
GRIM2025,Accidental poisoning,1926,Persons,85+,,,
GRIM2017,Intentional self-harm (suicide),1941,Females,60–64,13.0,9.5,
GRIM0907,Heart failure,1990,Females,Total,,,
GRIM1022,Acute severe asthma,1976,Persons,15–19,,,
GRIM0800,All diseases of the ear and mastoid process,2012,Persons,10–14,0.0,0.0,
GRIM1500,"All pregnancy, childbirth and the puerperium",1990,Persons,20–24,4.0,0.3,
GRIM1020,Influenza and pneumonia,1998,Persons,15–19,0.0,0.0,
GRIM2025,Accidental poisoning,1978,Females,15–19,,,
GRIM1800,"All symptoms, signs and abnormal clinical and laboratory findings, not elsewhere classified",1935,Persons,70–74,,,
GRIM0239,Pancreatic cancer,1937,Females,20–24,0.0,0.0,
GRIM1200,All diseases of the skin and subcutaneous tissue,1991,Females,0–4,0.0,0.0,
GRIM0200,All neoplasms,1983,Females,55–59,1014.0,271.0,
GRIM0400,"All endocrine, nutritional and metabolic diseases",1914,Persons,20–24,,,
GRIM1022,Acute severe asthma,2012,Females,0–4,0.0,0.0,
GRIM1020,Influenza and pneumonia,2005,Males,30–34,4.0,0.5,
GRIM1304,Osteoporosis,1963,Persons,70–74,,,
GRIM1023,Coronavirus disease 2019 (COVID-19),1910,Males,55–59,,,
GRIM0206,Breast cancer,1941,Males,25–29,0.0,0.0,
GRIM0908,Hypertensive disease,1955,Females,60–64,146.0,73.4,
GRIM0907,Heart failure,1986,Males,35–39,,,
GRIM1407,Kidney failure,1957,Persons,0–4,,,
GRIM1011,Influenza,1968,Persons,25–29,4.0,0.5,
GRIM0500,All mental and behavioural disorders,1984,Persons,75–79,169.0,56.9,
GRIM0260,Colorectal cancer,1913,Males,45–49,,,
GRIM0913,Stroke,1970,Females,55–59,,,
GRIM0115,Vaccine-preventable diseases,1981,Persons,30–34,,,
GRIM0300,All diseases of the blood and blood-forming organs and certain disorders involving the immune mechanism,1984,Females,45–49,0.0,0.0,
GRIM0500,All mental and behavioural disorders,2011,Males,40–44,23.0,2.9,
GRIM0600,All diseases of the nervous system,1953,Persons,70–74,,,
GRIM1304,Osteoporosis,1927,Males,65–69,,,
GRIM2009,Assault,1983,Persons,80–84,2.0,1.2,
GRIM1304,Osteoporosis,1941,Persons,35–39,,,
GRIM0600,All diseases of the nervous system,1961,Males,30–34,,,
GRIM1106,Liver disease,1979,Persons,65–69,140.0,27.2,
GRIM1801,Sudden infant death syndrome (SIDS),1950,Persons,45–49,,,
GRIM0700,All diseases of the eye and adnexa,2008,Persons,25–29,1.0,0.1,
GRIM0246,Skin cancer,2000,Males,15–19,2.0,0.3,
GRIM0605,Motor neurone disease,1931,Persons,65–69,,,
GRIM1407,Kidney failure,2015,Females,40–44,4.0,0.5,
GRIM0900,All diseases of the circulatory system,1988,Males,85+,3896.0,10283.8,
GRIM0115,Vaccine-preventable diseases,1950,Persons,55–59,,,
GRIM0908,Hypertensive disease,1932,Females,65–69,,,
GRIM0100,All certain infectious and parasitic diseases,1970,Females,25–29,3.0,0.7,
GRIM2001,"Accidental poisoning, including drugs causing adverse effects in therapeutic use ",1925,Persons,80–84,,,
GRIM1302,Osteoarthritis,1986,Males,65–69,4.0,1.5,
GRIM2003,Accidental drowning,1940,Persons,Total,,,
GRIM2013,Land transport accidents,1981,Females,65–69,39.0,13.6,
GRIM1400,All diseases of the genitourinary system,1986,Persons,Total,1734.0,10.8,14.8
GRIM0000,All causes combined,1917,Females,30–34,850.0,431.4,
GRIM2001,"Accidental poisoning, including drugs causing adverse effects in therapeutic use ",1926,Females,Total,,,
GRIM0227,Melanoma,1919,Males,85+,,,
GRIM1100,All diseases of the digestive system,1932,Females,80–84,,,
GRIM2025,Accidental poisoning,2003,Females,55–59,7.0,1.2,
GRIM0000,All causes combined,1936,Persons,55–59,4305.0,1463.8,
GRIM1011,Influenza,1980,Persons,25–29,0.0,0.0,
GRIM0100,All certain infectious and parasitic diseases,1958,Males,60–64,92.0,51.6,
GRIM1022,Acute severe asthma,1918,Persons,45–49,,,
GRIM1400,All diseases of the genitourinary system,1947,Persons,50–54,,,
GRIM1600,All certain conditions originating in the perinatal period,2013,Persons,50–54,0.0,0.0,
GRIM0400,"All endocrine, nutritional and metabolic diseases",1999,Persons,15–19,19.0,1.5,
GRIM0605,Motor neurone disease,1973,Males,45–49,5.0,1.2,
GRIM0403,Diabetes,1909,Females,55–59,23.0,42.2,
GRIM0403,Diabetes,1962,Females,30–34,4.0,1.2,
GRIM1020,Influenza and pneumonia,1975,Females,0–4,68.0,10.9,
GRIM1800,"All symptoms, signs and abnormal clinical and laboratory findings, not elsewhere classified",1926,Females,55–59,,,
GRIM1306,Rheumatoid arthritis,1939,Males,20–24,,,
GRIM2000,All external causes of morbidity and mortality,1952,Persons,Total,6078.0,70.4,86.5
GRIM0242,Prostate cancer,1994,Males,30–34,0.0,0.0,
GRIM2025,Accidental poisoning,1960,Females,75–79,,,
GRIM1100,All diseases of the digestive system,1910,Females,45–49,,,
GRIM1011,Influenza,1979,Females,5–9,1.0,0.2,
GRIM1004,Asthma,1990,Persons,10–14,10.0,0.8,
GRIM0600,All diseases of the nervous system,1989,Persons,85+,481.0,335.9,
GRIM0300,All diseases of the blood and blood-forming organs and certain disorders involving the immune mechanism,1921,Males,65–69,,,
GRIM0225,Lung cancer,1908,Persons,35–39,,,
GRIM2000,All external causes of morbidity and mortality,1972,Males,10–14,132.0,20.2,
GRIM0200,All neoplasms,1926,Females,45–49,253.0,158.8,
GRIM0246,Skin cancer,1984,Males,40–44,22.0,4.6,
GRIM1200,All diseases of the skin and subcutaneous tissue,1982,Persons,60–64,5.0,0.8,
GRIM0239,Pancreatic cancer,1992,Persons,30–34,2.0,0.1,
GRIM2013,Land transport accidents,1967,Females,15–19,,,
GRIM2009,Assault,1933,Females,65–69,0.0,0.0,
GRIM0700,All diseases of the eye and adnexa,1922,Males,30–34,0.0,0.0,
GRIM1100,All diseases of the digestive system,1932,Persons,40–44,,,
GRIM0242,Prostate cancer,1944,Males,75–79,98.0,203.3,
GRIM0500,All mental and behavioural disorders,1982,Persons,35–39,18.0,1.7,
GRIM0000,All causes combined,2011,Females,40–44,735.0,91.8,
GRIM0225,Lung cancer,1924,Females,30–34,,,
GRIM0225,Lung cancer,1996,Persons,10–14,0.0,0.0,
GRIM1021,Selected respiratory conditions,2021,Females,65–69,357.0,53.9,
GRIM0909,Coronary heart disease,1941,Males,35–39,43.0,16.5,
GRIM0239,Pancreatic cancer,1997,Persons,25–29,2.0,0.1,
GRIM0000,All causes combined,1951,Males,70–74,5708.0,6516.0,
GRIM2003,Accidental drowning,1957,Females,50–54,,,
GRIM0500,All mental and behavioural disorders,1914,Females,0–4,,,
GRIM1000,All diseases of the respiratory system,1926,Males,60–64,344.0,316.5,
GRIM0242,Prostate cancer,1979,Persons,40–44,3.0,0.4,
GRIM1011,Influenza,1971,Females,5–9,0.0,0.0,
GRIM2009,Assault,1960,Males,45–49,13.0,3.9,
GRIM1020,Influenza and pneumonia,1988,Persons,85+,688.0,499.6,
GRIM1304,Osteoporosis,1912,Females,75–79,,,
GRIM2003,Accidental drowning,1986,Males,25–29,21.0,3.1,
GRIM0900,All diseases of the circulatory system,1948,Females,50–54,630.0,289.9,
GRIM0700,All diseases of the eye and adnexa,1914,Males,75–79,0.0,0.0,
GRIM0227,Melanoma,2014,Persons,5–9,0.0,0.0,
GRIM2001,"Accidental poisoning, including drugs causing adverse effects in therapeutic use ",1934,Females,0–4,,,
GRIM0913,Stroke,1952,Females,35–39,,,
GRIM1000,All diseases of the respiratory system,1912,Persons,35–39,199.0,65.7,
GRIM1022,Acute severe asthma,1925,Males,5–9,,,
GRIM2000,All external causes of morbidity and mortality,2003,Males,20–24,468.0,68.1,
GRIM0227,Melanoma,1931,Persons,55–59,,,
GRIM2009,Assault,2015,Females,0–4,7.0,0.9,
GRIM0100,All certain infectious and parasitic diseases,1952,Males,65–69,170.0,126.8,
GRIM1400,All diseases of the genitourinary system,2006,Females,70–74,98.0,30.3,
GRIM0600,All diseases of the nervous system,1976,Females,25–29,15.0,2.6,
GRIM2025,Accidental poisoning,1944,Males,45–49,,,
GRIM0605,Motor neurone disease,2012,Males,10–14,0.0,0.0,
GRIM1100,All diseases of the digestive system,1937,Females,25–29,,,
GRIM0907,Heart failure,1933,Persons,5–9,,,
GRIM1800,"All symptoms, signs and abnormal clinical and laboratory findings, not elsewhere classified",1937,Females,75–79,,,
GRIM1500,"All pregnancy, childbirth and the puerperium",1926,Persons,20–24,113.0,22.9,
GRIM0100,All certain infectious and parasitic diseases,1929,Persons,85+,42.0,415.8,
GRIM2000,All external causes of morbidity and mortality,1998,Persons,50–54,451.0,38.9,
GRIM0239,Pancreatic cancer,1919,Persons,55–59,,,
GRIM0600,All diseases of the nervous system,1989,Males,5–9,8.0,1.3,
GRIM0100,All certain infectious and parasitic diseases,1944,Males,Total,2574.0,70.2,78.4
GRIM0600,All diseases of the nervous system,2001,Females,65–69,92.0,26.7,
GRIM1021,Selected respiratory conditions,1920,Males,45–49,,,
GRIM1300,All diseases of the musculoskeletal system and connective tissue,1927,Females,50–54,,,
GRIM2000,All external causes of morbidity and mortality,1907,Males,45–49,220.0,189.6,
GRIM0909,Coronary heart disease,1959,Females,25–29,4.0,1.3,
GRIM1021,Selected respiratory conditions,1918,Persons,25–29,,,
GRIM2001,"Accidental poisoning, including drugs causing adverse effects in therapeutic use ",1951,Females,40–44,,,
GRIM0260,Colorectal cancer,1993,Females,0–4,0.0,0.0,
GRIM0300,All diseases of the blood and blood-forming organs and certain disorders involving the immune mechanism,2004,Males,50–54,7.0,1.1,
GRIM2001,"Accidental poisoning, including drugs causing adverse effects in therapeutic use ",1932,Persons,80–84,,,
GRIM0909,Coronary heart disease,1943,Persons,0–4,2.0,0.3,
GRIM2001,"Accidental poisoning, including drugs causing adverse effects in therapeutic use ",1916,Persons,40–44,,,
GRIM1000,All diseases of the respiratory system,1910,Persons,5–9,84.0,18.5,
GRIM2017,Intentional self-harm (suicide),2003,Females,60–64,22.0,5.1,
GRIM0800,All diseases of the ear and mastoid process,1931,Males,5–9,7.0,2.2,
GRIM2017,Intentional self-harm (suicide),1984,Males,15–19,68.0,10.3,
GRIM0000,All causes combined,2004,Persons,0–4,1444.0,113.7,
GRIM0403,Diabetes,1952,Females,30–34,4.0,1.2,
GRIM2013,Land transport accidents,1970,Females,60–64,63.0,25.3,
GRIM0908,Hypertensive disease,1975,Females,75–79,130.0,95.6,
GRIM0206,Breast cancer,1992,Males,10–14,0.0,0.0,
GRIM0242,Prostate cancer,1949,Males,60–64,60.0,35.3,
GRIM0200,All neoplasms,1995,Persons,55–59,2186.0,273.6,
GRIM1106,Liver disease,1998,Persons,35–39,45.0,3.0,
GRIM2009,Assault,1996,Females,55–59,2.0,0.5,
GRIM0200,All neoplasms,2006,Persons,50–54,1731.0,128.4,
GRIM0200,All neoplasms,1988,Persons,40–44,659.0,56.5,
GRIM0242,Prostate cancer,1937,Persons,35–39,1.0,0.2,
GRIM0225,Lung cancer,1954,Persons,80–84,29.0,42.5,
GRIM2000,All external causes of morbidity and mortality,1988,Persons,85+,503.0,365.3,
GRIM0000,All causes combined,1912,Males,15–19,604.0,263.4,
GRIM0400,"All endocrine, nutritional and metabolic diseases",1938,Persons,15–19,,,
GRIM1011,Influenza,1973,Females,75–79,10.0,7.8,
GRIM0246,Skin cancer,1919,Persons,0–4,0.0,0.0,
GRIM0239,Pancreatic cancer,1981,Persons,Total,1034.0,6.9,9.1
GRIM1304,Osteoporosis,1962,Persons,55–59,,,
GRIM1800,"All symptoms, signs and abnormal clinical and laboratory findings, not elsewhere classified",1979,Males,5–9,1.0,0.1,
GRIM0115,Vaccine-preventable diseases,1933,Persons,25–29,,,
GRIM0260,Colorectal cancer,2000,Females,20–24,3.0,0.5,
GRIM1306,Rheumatoid arthritis,1913,Males,55–59,,,
GRIM1100,All diseases of the digestive system,2023,Females,Total,3672.0,27.4,18.5
GRIM0227,Melanoma,1943,Females,5–9,,,
GRIM1800,"All symptoms, signs and abnormal clinical and laboratory findings, not elsewhere classified",1961,Females,80–84,,,
GRIM0909,Coronary heart disease,1912,Persons,85+,,,
GRIM1306,Rheumatoid arthritis,1960,Males,65–69,,,
GRIM2001,"Accidental poisoning, including drugs causing adverse effects in therapeutic use ",1962,Males,55–59,,,
GRIM1400,All diseases of the genitourinary system,1991,Males,45–49,13.0,2.5,
GRIM0909,Coronary heart disease,1941,Females,Total,1594.0,45.2,72.1
GRIM1500,"All pregnancy, childbirth and the puerperium",1993,Females,55–59,0.0,0.0,
GRIM1021,Selected respiratory conditions,1925,Females,80–84,,,
GRIM0913,Stroke,1908,Females,80–84,,,
GRIM1011,Influenza,1968,Males,50–54,2.0,0.6,
GRIM2017,Intentional self-harm (suicide),1908,Persons,20–24,43.0,10.2,
GRIM1000,All diseases of the respiratory system,1918,Males,65–69,272.0,520.5,
GRIM1023,Coronavirus disease 2019 (COVID-19),1999,Persons,0–4,,,
GRIM0005,Chronic kidney disease,1982,Females,45–49,17.0,4.7,
GRIM0239,Pancreatic cancer,1966,Persons,65–69,108.0,30.3,
GRIM2000,All external causes of morbidity and mortality,1914,Males,40–44,238.0,155.3,
GRIM1000,All diseases of the respiratory system,1969,Females,60–64,118.0,48.9,
GRIM0260,Colorectal cancer,1938,Females,55–59,,,
GRIM1500,"All pregnancy, childbirth and the puerperium",1912,Females,75–79,0.0,0.0,
GRIM1021,Selected respiratory conditions,2001,Persons,30–34,34.0,2.3,
GRIM0239,Pancreatic cancer,1991,Females,45–49,13.0,2.6,
GRIM0300,All diseases of the blood and blood-forming organs and certain disorders involving the immune mechanism,1964,Males,80–84,,,
GRIM0800,All diseases of the ear and mastoid process,1975,Females,20–24,0.0,0.0,
GRIM0005,Chronic kidney disease,2016,Persons,15–19,0.0,0.0,
GRIM1022,Acute severe asthma,1935,Persons,55–59,,,
GRIM1020,Influenza and pneumonia,1937,Persons,30–34,96.0,18.8,
GRIM1500,"All pregnancy, childbirth and the puerperium",1942,Males,10–14,,,
GRIM2009,Assault,1926,Males,10–14,1.0,0.3,
GRIM1106,Liver disease,1920,Females,0–4,,,
GRIM1700,"All congenital malformations, deformations and chromosomal abnormalities",1979,Females,Total,469.0,6.5,5.8
GRIM1000,All diseases of the respiratory system,1990,Males,55–59,164.0,44.7,
GRIM2001,"Accidental poisoning, including drugs causing adverse effects in therapeutic use ",1999,Males,45–49,44.0,6.7,
GRIM1000,All diseases of the respiratory system,1961,Females,70–74,191.0,129.5,
GRIM0500,All mental and behavioural disorders,1931,Persons,85+,,,
GRIM0605,Motor neurone disease,1988,Males,40–44,6.0,1.0,
GRIM1801,Sudden infant death syndrome (SIDS),1964,Females,40–44,,,
GRIM1407,Kidney failure,2001,Females,30–34,0.0,0.0,
GRIM0115,Vaccine-preventable diseases,1930,Females,5–9,,,
GRIM2017,Intentional self-harm (suicide),1991,Females,70–74,22.0,7.8,
GRIM0246,Skin cancer,1926,Females,25–29,0.0,0.0,
GRIM0907,Heart failure,2003,Persons,40–44,1.0,0.1,
GRIM0246,Skin cancer,1942,Females,85+,17.0,150.4,
GRIM0500,All mental and behavioural disorders,1951,Females,Total,,,
GRIM1022,Acute severe asthma,1985,Persons,35–39,,,
GRIM0907,Heart failure,1988,Persons,60–64,,,
GRIM0115,Vaccine-preventable diseases,1938,Persons,45–49,,,
GRIM1400,All diseases of the genitourinary system,1940,Persons,15–19,,,
GRIM1100,All diseases of the digestive system,1963,Males,20–24,,,
GRIM0300,All diseases of the blood and blood-forming organs and certain disorders involving the immune mechanism,1919,Persons,35–39,,,
GRIM2001,"Accidental poisoning, including drugs causing adverse effects in therapeutic use ",1922,Persons,65–69,,,
GRIM0005,Chronic kidney disease,1916,Males,20–24,,,
GRIM0908,Hypertensive disease,1927,Females,25–29,,,
GRIM0400,"All endocrine, nutritional and metabolic diseases",1934,Males,Total,,,
GRIM0907,Heart failure,1932,Persons,75–79,,,
GRIM1106,Liver disease,1988,Females,70–74,46.0,17.2,
GRIM2017,Intentional self-harm (suicide),1918,Males,55–59,41.0,39.4,
GRIM1300,All diseases of the musculoskeletal system and connective tissue,1915,Persons,20–24,,,
GRIM1004,Asthma,2001,Males,65–69,13.0,3.9,
GRIM0605,Motor neurone disease,1986,Females,45–49,1.0,0.2,
GRIM0003,Dementia including Alzheimer's disease,1998,Persons,Total,3244.0,17.4,19.2
GRIM1304,Osteoporosis,1943,Females,80–84,,,
GRIM1300,All diseases of the musculoskeletal system and connective tissue,1930,Females,25–29,,,
GRIM1000,All diseases of the respiratory system,1950,Persons,25–29,50.0,7.4,
GRIM1200,All diseases of the skin and subcutaneous tissue,1921,Persons,65–69,,,
GRIM0403,Diabetes,1996,Persons,85+,633.0,315.1,
GRIM2025,Accidental poisoning,1966,Females,0–4,,,
GRIM0909,Coronary heart disease,1969,Males,70–74,2889.0,2484.0,
GRIM1700,"All congenital malformations, deformations and chromosomal abnormalities",1933,Females,80–84,,,
GRIM0800,All diseases of the ear and mastoid process,2016,Females,55–59,0.0,0.0,
GRIM0403,Diabetes,1967,Males,65–69,114.0,68.9,
GRIM0700,All diseases of the eye and adnexa,1913,Females,65–69,0.0,0.0,
GRIM1011,Influenza,1946,Males,5–9,1.0,0.3,
GRIM0003,Dementia including Alzheimer's disease,1931,Males,65–69,,,
GRIM1800,"All symptoms, signs and abnormal clinical and laboratory findings, not elsewhere classified",1972,Females,70–74,19.0,10.9,
GRIM1306,Rheumatoid arthritis,1950,Females,45–49,,,
GRIM0605,Motor neurone disease,1986,Males,25–29,2.0,0.3,
GRIM0907,Heart failure,1949,Females,85+,,,
GRIM1302,Osteoarthritis,1965,Persons,25–29,,,
GRIM2009,Assault,1974,Males,85+,0.0,0.0,
GRIM2013,Land transport accidents,2022,Males,85+,53.0,24.6,
GRIM2000,All external causes of morbidity and mortality,2012,Males,45–49,428.0,56.4,
GRIM0907,Heart failure,2001,Persons,10–14,0.0,0.0,
GRIM1100,All diseases of the digestive system,1926,Persons,0–4,,,
GRIM1801,Sudden infant death syndrome (SIDS),1967,Females,5–9,,,
GRIM0225,Lung cancer,1938,Females,20–24,,,
GRIM1300,All diseases of the musculoskeletal system and connective tissue,1927,Males,65–69,,,
GRIM0400,"All endocrine, nutritional and metabolic diseases",1972,Males,25–29,8.0,1.5,
GRIM1407,Kidney failure,1924,Females,60–64,,,
GRIM1400,All diseases of the genitourinary system,1928,Females,55–59,,,
GRIM1100,All diseases of the digestive system,2021,Persons,5–9,2.0,0.1,
GRIM1400,All diseases of the genitourinary system,1932,Males,30–34,,,
GRIM1400,All diseases of the genitourinary system,2021,Persons,10–14,0.0,0.0,
GRIM0904,Cerebrovascular disease,1926,Females,25–29,9.0,3.8,
GRIM0900,All diseases of the circulatory system,1928,Males,80–84,602.0,5280.7,
GRIM0600,All diseases of the nervous system,1938,Females,30–34,,,
GRIM0700,All diseases of the eye and adnexa,1996,Persons,60–64,0.0,0.0,
GRIM1600,All certain conditions originating in the perinatal period,1954,Females,5–9,,,
GRIM1022,Acute severe asthma,1975,Persons,85+,,,
GRIM1302,Osteoarthritis,1955,Persons,40–44,,,
GRIM2025,Accidental poisoning,1994,Persons,65–69,4.0,0.6,
GRIM0900,All diseases of the circulatory system,2019,Persons,5–9,4.0,0.2,
GRIM0260,Colorectal cancer,2006,Females,35–39,15.0,2.0,
GRIM1400,All diseases of the genitourinary system,1955,Males,50–54,,,
GRIM1023,Coronavirus disease 2019 (COVID-19),1934,Males,85+,,,
GRIM0300,All diseases of the blood and blood-forming organs and certain disorders involving the immune mechanism,1949,Persons,40–44,,,
GRIM0900,All diseases of the circulatory system,1961,Females,20–24,27.0,8.1,
GRIM0500,All mental and behavioural disorders,1957,Persons,5–9,,,
GRIM2025,Accidental poisoning,1923,Persons,20–24,,,
GRIM1023,Coronavirus disease 2019 (COVID-19),1926,Males,10–14,,,
GRIM0206,Breast cancer,2000,Females,25–29,5.0,0.7,
GRIM1000,All diseases of the respiratory system,1995,Persons,30–34,21.0,1.4,
GRIM1022,Acute severe asthma,1994,Females,25–29,,,
GRIM2025,Accidental poisoning,2009,Females,55–59,35.0,5.4,
GRIM1004,Asthma,2010,Males,60–64,7.0,1.2,
GRIM0403,Diabetes,1985,Males,80–84,118.0,186.1,
GRIM0605,Motor neurone disease,1965,Males,80–84,2.0,5.4,
GRIM0000,All causes combined,1979,Persons,10–14,331.0,26.4,
GRIM0909,Coronary heart disease,2010,Persons,25–29,11.0,0.7,
GRIM2003,Accidental drowning,1960,Persons,85+,,,
GRIM1023,Coronavirus disease 2019 (COVID-19),1914,Persons,30–34,,,
GRIM2017,Intentional self-harm (suicide),1917,Females,50–54,2.0,1.9,
GRIM1011,Influenza,1951,Males,0–4,6.0,1.3,
GRIM1300,All diseases of the musculoskeletal system and connective tissue,1950,Persons,35–39,,,
GRIM0500,All mental and behavioural disorders,1914,Persons,15–19,,,
GRIM1400,All diseases of the genitourinary system,1919,Females,65–69,,,
GRIM1306,Rheumatoid arthritis,2001,Males,70–74,6.0,2.0,
GRIM0005,Chronic kidney disease,1968,Males,80–84,,,
GRIM1302,Osteoarthritis,1960,Persons,45–49,,,
GRIM0260,Colorectal cancer,1933,Females,20–24,,,
GRIM2001,"Accidental poisoning, including drugs causing adverse effects in therapeutic use ",1916,Females,Total,,,
GRIM2013,Land transport accidents,2015,Persons,85+,86.0,18.3,
GRIM0904,Cerebrovascular disease,1910,Females,80–84,81.0,1084.2,
GRIM0239,Pancreatic cancer,2020,Females,20–24,0.0,0.0,
GRIM1100,All diseases of the digestive system,1991,Females,80–84,362.0,248.9,
GRIM1011,Influenza,1939,Males,25–29,8.0,2.7,
GRIM1020,Influenza and pneumonia,1932,Persons,30–34,90.0,18.5,
GRIM0605,Motor neurone disease,1968,Persons,45–49,8.0,1.1,
GRIM1021,Selected respiratory conditions,2013,Males,20–24,3.0,0.4,
GRIM0005,Chronic kidney disease,1933,Females,75–79,,,
GRIM1304,Osteoporosis,1913,Females,45–49,,,
GRIM1306,Rheumatoid arthritis,1921,Persons,75–79,,,
GRIM0904,Cerebrovascular disease,2014,Females,20–24,0.0,0.0,
GRIM1306,Rheumatoid arthritis,1911,Persons,55–59,,,
GRIM0239,Pancreatic cancer,1956,Persons,0–4,0.0,0.0,
GRIM0206,Breast cancer,1962,Females,20–24,1.0,0.3,
GRIM1000,All diseases of the respiratory system,1992,Persons,40–44,57.0,4.4,
GRIM1407,Kidney failure,1933,Persons,85+,,,
GRIM2003,Accidental drowning,1999,Males,75–79,7.0,3.3,
GRIM1100,All diseases of the digestive system,1998,Persons,65–69,305.0,44.8,
GRIM1800,"All symptoms, signs and abnormal clinical and laboratory findings, not elsewhere classified",1983,Persons,70–74,21.0,4.9,
GRIM1800,"All symptoms, signs and abnormal clinical and laboratory findings, not elsewhere classified",1939,Persons,Total,,,
GRIM0227,Melanoma,2001,Females,0–4,0.0,0.0,
GRIM0242,Prostate cancer,2005,Persons,40–44,2.0,0.1,
GRIM0908,Hypertensive disease,1928,Persons,25–29,,,
GRIM0100,All certain infectious and parasitic diseases,1936,Females,20–24,171.0,56.3,
GRIM0908,Hypertensive disease,1913,Persons,5–9,,,
GRIM0600,All diseases of the nervous system,1954,Persons,30–34,,,
GRIM0800,All diseases of the ear and mastoid process,1914,Males,75–79,0.0,0.0,
GRIM0227,Melanoma,1983,Persons,70–74,68.0,15.7,
GRIM1000,All diseases of the respiratory system,1996,Females,0–4,20.0,3.2,
GRIM1004,Asthma,1992,Females,25–29,4.0,0.6,
GRIM0206,Breast cancer,2012,Females,30–34,19.0,2.4,
GRIM1004,Asthma,2001,Males,30–34,9.0,1.2,
GRIM0913,Stroke,1939,Females,5–9,,,
GRIM1200,All diseases of the skin and subcutaneous tissue,1936,Males,Total,,,
GRIM0225,Lung cancer,2011,Persons,65–69,1166.0,122.2,
GRIM1200,All diseases of the skin and subcutaneous tissue,1962,Females,0–4,,,
GRIM0227,Melanoma,2021,Females,85+,144.0,44.3,
GRIM1022,Acute severe asthma,1920,Males,45–49,,,
GRIM1407,Kidney failure,1912,Males,30–34,,,
GRIM1023,Coronavirus disease 2019 (COVID-19),1936,Females,10–14,,,
GRIM0246,Skin cancer,1964,Persons,15–19,1.0,0.1,
GRIM2000,All external causes of morbidity and mortality,2016,Persons,70–74,414.0,46.5,
GRIM0005,Chronic kidney disease,2010,Females,80–84,298.0,118.9,
GRIM0239,Pancreatic cancer,2010,Females,80–84,244.0,97.3,
GRIM1304,Osteoporosis,2006,Persons,55–59,0.0,0.0,
GRIM0908,Hypertensive disease,2011,Persons,50–54,13.0,0.9,
GRIM2017,Intentional self-harm (suicide),1947,Males,40–44,55.0,21.3,
GRIM1500,"All pregnancy, childbirth and the puerperium",1963,Persons,0–4,0.0,0.0,
GRIM0908,Hypertensive disease,1931,Persons,75–79,,,
GRIM2000,All external causes of morbidity and mortality,1971,Females,80–84,211.0,270.3,
GRIM0700,All diseases of the eye and adnexa,1950,Persons,20–24,0.0,0.0,
GRIM1407,Kidney failure,1909,Males,25–29,,,
GRIM1106,Liver disease,2003,Males,30–34,10.0,1.3,
GRIM2003,Accidental drowning,1988,Females,0–4,39.0,6.5,
GRIM1100,All diseases of the digestive system,1927,Males,40–44,,,
GRIM0909,Coronary heart disease,1940,Females,15–19,0.0,0.0,
GRIM2013,Land transport accidents,1979,Persons,10–14,107.0,8.5,
GRIM1800,"All symptoms, signs and abnormal clinical and laboratory findings, not elsewhere classified",1926,Males,30–34,,,
GRIM0904,Cerebrovascular disease,1923,Persons,85+,206.0,2060.0,
GRIM2013,Land transport accidents,1929,Persons,85+,,,
GRIM0400,"All endocrine, nutritional and metabolic diseases",2010,Females,20–24,7.0,0.9,
GRIM2003,Accidental drowning,1978,Persons,45–49,,,
GRIM1800,"All symptoms, signs and abnormal clinical and laboratory findings, not elsewhere classified",1930,Males,15–19,,,
GRIM0200,All neoplasms,1919,Females,50–54,288.0,254.5,
GRIM0200,All neoplasms,1958,Persons,15–19,59.0,8.6,
GRIM0115,Vaccine-preventable diseases,1990,Persons,25–29,,,
GRIM2013,Land transport accidents,1937,Females,85+,,,
GRIM0904,Cerebrovascular disease,2009,Males,35–39,19.0,2.4,
GRIM0200,All neoplasms,1965,Persons,35–39,294.0,38.4,
GRIM0605,Motor neurone disease,2009,Females,40–44,1.0,0.1,
GRIM0242,Prostate cancer,1967,Females,30–34,,,
GRIM0605,Motor neurone disease,1920,Males,65–69,,,
GRIM0909,Coronary heart disease,1942,Females,25–29,4.0,1.3,
GRIM1800,"All symptoms, signs and abnormal clinical and laboratory findings, not elsewhere classified",1989,Persons,80–84,28.0,13.3,
GRIM0904,Cerebrovascular disease,1926,Males,35–39,21.0,9.0,
GRIM0200,All neoplasms,1981,Females,80–84,1067.0,1045.4,
GRIM1000,All diseases of the respiratory system,2022,Persons,10–14,7.0,0.4,
GRIM0242,Prostate cancer,2006,Females,0–4,,,
GRIM2000,All external causes of morbidity and mortality,1934,Persons,25–29,292.0,54.0,
GRIM0206,Breast cancer,1957,Persons,35–39,27.0,3.9,
GRIM1800,"All symptoms, signs and abnormal clinical and laboratory findings, not elsewhere classified",1924,Males,70–74,,,
GRIM0003,Dementia including Alzheimer's disease,1911,Males,50–54,,,
GRIM0227,Melanoma,1947,Females,75–79,,,
GRIM2009,Assault,1922,Females,85+,0.0,0.0,
GRIM0239,Pancreatic cancer,2012,Males,40–44,6.0,0.7,
GRIM0003,Dementia including Alzheimer's disease,1926,Males,15–19,,,
GRIM1304,Osteoporosis,2001,Females,65–69,4.0,1.2,
GRIM0800,All diseases of the ear and mastoid process,1941,Persons,55–59,2.0,0.6,
GRIM1008,Chronic obstructive pulmonary disease (COPD),2022,Females,0–4,0.0,0.0,
GRIM0800,All diseases of the ear and mastoid process,1915,Males,45–49,1.0,0.7,
GRIM0005,Chronic kidney disease,1957,Persons,50–54,,,
GRIM0600,All diseases of the nervous system,1985,Persons,35–39,40.0,3.3,
GRIM0605,Motor neurone disease,1996,Females,30–34,0.0,0.0,
GRIM0242,Prostate cancer,1923,Females,85+,,,
GRIM1400,All diseases of the genitourinary system,2018,Females,35–39,2.0,0.2,
GRIM2003,Accidental drowning,2017,Persons,20–24,12.0,0.7,
GRIM1800,"All symptoms, signs and abnormal clinical and laboratory findings, not elsewhere classified",1907,Persons,70–74,,,
GRIM1306,Rheumatoid arthritis,1965,Males,35–39,,,
GRIM1304,Osteoporosis,1987,Males,65–69,1.0,0.4,
GRIM0225,Lung cancer,1972,Persons,5–9,1.0,0.1,
GRIM1801,Sudden infant death syndrome (SIDS),1955,Females,20–24,,,
GRIM0300,All diseases of the blood and blood-forming organs and certain disorders involving the immune mechanism,1909,Females,80–84,,,
GRIM1801,Sudden infant death syndrome (SIDS),1933,Females,75–79,,,
GRIM0200,All neoplasms,1953,Males,75–79,751.0,1406.4,
GRIM0904,Cerebrovascular disease,2013,Persons,25–29,3.0,0.2,
GRIM1800,"All symptoms, signs and abnormal clinical and laboratory findings, not elsewhere classified",1969,Persons,35–39,23.0,3.1,
GRIM0246,Skin cancer,1925,Females,10–14,0.0,0.0,
GRIM0400,"All endocrine, nutritional and metabolic diseases",2019,Persons,35–39,49.0,2.7,
GRIM1200,All diseases of the skin and subcutaneous tissue,2015,Males,35–39,1.0,0.1,
GRIM1500,"All pregnancy, childbirth and the puerperium",1987,Persons,10–14,0.0,0.0,
GRIM0909,Coronary heart disease,1927,Males,60–64,,,
GRIM2001,"Accidental poisoning, including drugs causing adverse effects in therapeutic use ",1942,Females,80–84,,,
GRIM0242,Prostate cancer,1947,Males,0–4,0.0,0.0,
GRIM1021,Selected respiratory conditions,1909,Males,40–44,,,
GRIM0246,Skin cancer,1966,Persons,10–14,0.0,0.0,
GRIM1020,Influenza and pneumonia,2011,Males,80–84,202.0,106.0,
GRIM0115,Vaccine-preventable diseases,2003,Persons,55–59,2.0,0.2,
GRIM2009,Assault,1973,Persons,50–54,17.0,2.3,
GRIM1306,Rheumatoid arthritis,1984,Persons,70–74,27.0,6.0,
GRIM0005,Chronic kidney disease,1928,Persons,40–44,,,
GRIM0700,All diseases of the eye and adnexa,1969,Females,5–9,0.0,0.0,
GRIM0500,All mental and behavioural disorders,1951,Persons,0–4,,,
GRIM1304,Osteoporosis,1954,Males,30–34,,,
GRIM0200,All neoplasms,2003,Females,55–59,1165.0,205.8,
GRIM0800,All diseases of the ear and mastoid process,2017,Males,25–29,0.0,0.0,
GRIM0600,All diseases of the nervous system,1934,Males,20–24,,,
GRIM0913,Stroke,1914,Females,25–29,,,
GRIM0000,All causes combined,1948,Females,35–39,637.0,228.3,
GRIM0115,Vaccine-preventable diseases,1960,Males,45–49,,,
GRIM1801,Sudden infant death syndrome (SIDS),2016,Females,45–49,0.0,0.0,
GRIM1023,Coronavirus disease 2019 (COVID-19),1915,Males,10–14,,,
GRIM2001,"Accidental poisoning, including drugs causing adverse effects in therapeutic use ",1956,Females,80–84,,,
GRIM1801,Sudden infant death syndrome (SIDS),1941,Males,20–24,,,
GRIM1020,Influenza and pneumonia,1921,Males,35–39,95.0,47.8,
GRIM2013,Land transport accidents,2006,Males,55–59,50.0,8.0,
GRIM0605,Motor neurone disease,1958,Persons,10–14,,,
GRIM0909,Coronary heart disease,1956,Persons,40–44,280.0,42.5,
GRIM2003,Accidental drowning,1954,Males,20–24,,,
GRIM1023,Coronavirus disease 2019 (COVID-19),1964,Females,20–24,,,
GRIM2000,All external causes of morbidity and mortality,1925,Females,70–74,34.0,87.4,
GRIM0403,Diabetes,1932,Females,70–74,106.0,171.8,
GRIM1011,Influenza,1948,Males,50–54,12.0,5.7,
GRIM0115,Vaccine-preventable diseases,1921,Females,30–34,,,
GRIM0904,Cerebrovascular disease,1957,Persons,5–9,3.0,0.3,
GRIM0800,All diseases of the ear and mastoid process,1960,Males,0–4,6.0,1.1,
GRIM0700,All diseases of the eye and adnexa,2022,Females,30–34,0.0,0.0,
GRIM0909,Coronary heart disease,1912,Females,15–19,,,
GRIM1300,All diseases of the musculoskeletal system and connective tissue,1991,Females,20–24,3.0,0.4,
GRIM0904,Cerebrovascular disease,1967,Females,60–64,409.0,182.1,
GRIM0300,All diseases of the blood and blood-forming organs and certain disorders involving the immune mechanism,1940,Males,10–14,,,
GRIM2009,Assault,1936,Males,85+,1.0,15.4,
GRIM2003,Accidental drowning,1948,Females,5–9,,,
GRIM0907,Heart failure,1993,Females,75–79,,,
GRIM1100,All diseases of the digestive system,1919,Females,10–14,,,
GRIM0908,Hypertensive disease,1961,Persons,80–84,384.0,442.4,
GRIM2003,Accidental drowning,1908,Males,65–69,,,
GRIM1300,All diseases of the musculoskeletal system and connective tissue,1948,Females,50–54,,,
GRIM0005,Chronic kidney disease,1947,Persons,85+,,,
GRIM1700,"All congenital malformations, deformations and chromosomal abnormalities",1912,Males,80–84,,,
GRIM1302,Osteoarthritis,2013,Males,5–9,0.0,0.0,
GRIM1304,Osteoporosis,1960,Males,30–34,,,
GRIM1500,"All pregnancy, childbirth and the puerperium",1957,Males,65–69,,,
GRIM2013,Land transport accidents,1917,Persons,25–29,,,
GRIM0003,Dementia including Alzheimer's disease,1970,Males,10–14,,,
GRIM2009,Assault,1939,Males,10–14,1.0,0.3,
GRIM0907,Heart failure,2001,Males,70–74,65.0,21.6,
GRIM0600,All diseases of the nervous system,1985,Males,0–4,40.0,6.5,
GRIM0206,Breast cancer,2019,Males,10–14,0.0,0.0,
GRIM1800,"All symptoms, signs and abnormal clinical and laboratory findings, not elsewhere classified",1990,Females,15–19,3.0,0.4,
GRIM2009,Assault,1917,Females,25–29,4.0,1.8,
GRIM2003,Accidental drowning,1921,Females,0–4,,,
GRIM1800,"All symptoms, signs and abnormal clinical and laboratory findings, not elsewhere classified",1969,Females,60–64,11.0,4.6,
GRIM1300,All diseases of the musculoskeletal system and connective tissue,1998,Females,20–24,3.0,0.5,
GRIM2000,All external causes of morbidity and mortality,1966,Females,60–64,129.0,58.9,
GRIM1022,Acute severe asthma,1907,Females,80–84,,,
GRIM2001,"Accidental poisoning, including drugs causing adverse effects in therapeutic use ",1990,Females,Total,,,
GRIM0800,All diseases of the ear and mastoid process,2002,Females,45–49,0.0,0.0,
GRIM1200,All diseases of the skin and subcutaneous tissue,2005,Persons,45–49,5.0,0.3,
GRIM0200,All neoplasms,2007,Persons,55–59,2714.0,216.4,
GRIM1021,Selected respiratory conditions,1963,Persons,85+,,,
GRIM0913,Stroke,2012,Males,70–74,269.0,72.7,
GRIM0003,Dementia including Alzheimer's disease,1929,Males,20–24,,,
GRIM0200,All neoplasms,1963,Females,Total,6924.0,128.1,163.5
GRIM2009,Assault,1966,Persons,35–39,23.0,3.0,
GRIM0239,Pancreatic cancer,1966,Females,85+,24.0,65.0,
GRIM0400,"All endocrine, nutritional and metabolic diseases",2000,Females,70–74,247.0,74.5,
GRIM0800,All diseases of the ear and mastoid process,1974,Females,45–49,1.0,0.3,
GRIM0000,All causes combined,1978,Males,25–29,808.0,135.5,
GRIM1004,Asthma,1968,Females,25–29,1.0,0.3,
GRIM1400,All diseases of the genitourinary system,2019,Females,70–74,105.0,19.3,
GRIM0800,All diseases of the ear and mastoid process,2009,Males,5–9,0.0,0.0,
GRIM2003,Accidental drowning,1908,Persons,60–64,,,
GRIM0246,Skin cancer,2005,Females,30–34,5.0,0.7,
GRIM2013,Land transport accidents,1973,Persons,35–39,181.0,23.2,
GRIM0260,Colorectal cancer,1928,Persons,35–39,,,
GRIM1302,Osteoarthritis,1974,Females,0–4,,,
GRIM0115,Vaccine-preventable diseases,2003,Males,10–14,0.0,0.0,
GRIM0400,"All endocrine, nutritional and metabolic diseases",1913,Males,60–64,,,
GRIM1600,All certain conditions originating in the perinatal period,1998,Females,35–39,1.0,0.1,
GRIM0246,Skin cancer,1935,Males,55–59,12.0,8.4,
GRIM1400,All diseases of the genitourinary system,1949,Males,40–44,,,
GRIM0239,Pancreatic cancer,1971,Persons,5–9,0.0,0.0,
GRIM1021,Selected respiratory conditions,1966,Males,75–79,,,
GRIM1106,Liver disease,1977,Females,80–84,13.0,14.4,
GRIM1023,Coronavirus disease 2019 (COVID-19),1918,Males,85+,,,
GRIM0600,All diseases of the nervous system,1999,Males,80–84,286.0,255.5,
GRIM1300,All diseases of the musculoskeletal system and connective tissue,1934,Males,35–39,,,
GRIM1304,Osteoporosis,1982,Persons,25–29,0.0,0.0,
GRIM1022,Acute severe asthma,1937,Females,15–19,,,
GRIM0225,Lung cancer,1963,Males,35–39,18.0,4.5,
GRIM0600,All diseases of the nervous system,1923,Males,0–4,,,
GRIM0200,All neoplasms,1985,Persons,Total,27948.0,177.0,217.1
GRIM2025,Accidental poisoning,1929,Females,60–64,,,
GRIM1801,Sudden infant death syndrome (SIDS),1910,Persons,85+,,,
GRIM1500,"All pregnancy, childbirth and the puerperium",1929,Males,30–34,,,
GRIM2017,Intentional self-harm (suicide),1940,Males,5–9,0.0,0.0,
GRIM0000,All causes combined,1946,Females,85+,3525.0,22741.9,
GRIM1200,All diseases of the skin and subcutaneous tissue,1907,Males,60–64,,,
GRIM0100,All certain infectious and parasitic diseases,1954,Females,50–54,37.0,16.2,
GRIM1304,Osteoporosis,1989,Females,Total,41.0,0.5,0.5
GRIM1020,Influenza and pneumonia,1979,Persons,10–14,3.0,0.2,
GRIM2000,All external causes of morbidity and mortality,1990,Persons,10–14,123.0,10.0,
GRIM1801,Sudden infant death syndrome (SIDS),1972,Males,75–79,0.0,0.0,
GRIM2003,Accidental drowning,1989,Males,60–64,4.0,1.1,
GRIM0700,All diseases of the eye and adnexa,1928,Persons,25–29,0.0,0.0,
GRIM1801,Sudden infant death syndrome (SIDS),1955,Males,25–29,,,
GRIM2017,Intentional self-harm (suicide),1966,Males,80–84,18.0,46.8,
GRIM1300,All diseases of the musculoskeletal system and connective tissue,1929,Males,85+,,,
GRIM1004,Asthma,1965,Females,5–9,2.0,0.4,
GRIM2013,Land transport accidents,1966,Females,Total,,,
GRIM0005,Chronic kidney disease,1945,Males,40–44,,,
GRIM0200,All neoplasms,1993,Males,60–64,2113.0,591.3,
GRIM0400,"All endocrine, nutritional and metabolic diseases",1926,Males,50–54,,,
GRIM1302,Osteoarthritis,1963,Females,75–79,,,
GRIM1407,Kidney failure,1932,Males,40–44,,,
GRIM1800,"All symptoms, signs and abnormal clinical and laboratory findings, not elsewhere classified",2006,Persons,20–24,11.0,0.8,
GRIM1700,"All congenital malformations, deformations and chromosomal abnormalities",1971,Males,35–39,7.0,1.8,
GRIM2025,Accidental poisoning,1961,Females,85+,,,
GRIM0907,Heart failure,1993,Persons,70–74,,,
GRIM0200,All neoplasms,1965,Males,65–69,1298.0,824.1,
GRIM1023,Coronavirus disease 2019 (COVID-19),1988,Persons,Total,,,
GRIM0500,All mental and behavioural disorders,2010,Females,70–74,126.0,34.9,
GRIM0000,All causes combined,1920,Males,60–64,2577.0,2959.5,
GRIM1023,Coronavirus disease 2019 (COVID-19),1988,Females,Total,,,
GRIM1023,Coronavirus disease 2019 (COVID-19),1953,Persons,15–19,,,
GRIM0100,All certain infectious and parasitic diseases,1925,Females,65–69,67.0,98.4,
GRIM0005,Chronic kidney disease,1945,Males,10–14,,,
GRIM2025,Accidental poisoning,2008,Persons,60–64,28.0,2.5,
GRIM0260,Colorectal cancer,1973,Persons,80–84,366.0,286.4,
GRIM1500,"All pregnancy, childbirth and the puerperium",1950,Females,40–44,25.0,9.5,
GRIM0005,Chronic kidney disease,1978,Females,35–39,,,
GRIM0600,All diseases of the nervous system,2015,Persons,40–44,77.0,4.7,
GRIM0000,All causes combined,2016,Females,30–34,400.0,44.3,
GRIM1023,Coronavirus disease 2019 (COVID-19),1927,Males,15–19,,,
GRIM0403,Diabetes,1979,Males,35–39,8.0,1.7,
GRIM0115,Vaccine-preventable diseases,1969,Males,Total,,,
GRIM0000,All causes combined,1947,Persons,35–39,1422.0,255.7,
GRIM0904,Cerebrovascular disease,1980,Males,40–44,43.0,10.4,
GRIM0913,Stroke,1950,Females,20–24,,,
GRIM0225,Lung cancer,1951,Females,70–74,25.0,23.8,
GRIM0005,Chronic kidney disease,1921,Females,65–69,,,
GRIM1500,"All pregnancy, childbirth and the puerperium",1913,Females,50–54,0.0,0.0,
GRIM2013,Land transport accidents,1915,Females,Total,,,
GRIM2013,Land transport accidents,2014,Females,0–4,15.0,2.0,
GRIM1600,All certain conditions originating in the perinatal period,1921,Females,50–54,,,
GRIM1306,Rheumatoid arthritis,1915,Persons,45–49,,,
GRIM0239,Pancreatic cancer,1987,Males,25–29,0.0,0.0,
GRIM1306,Rheumatoid arthritis,1908,Females,Total,,,
GRIM1004,Asthma,1977,Males,20–24,10.0,1.7,
GRIM0200,All neoplasms,2007,Persons,80–84,6547.0,1593.4,
GRIM0239,Pancreatic cancer,1950,Persons,55–59,39.0,9.6,
GRIM2017,Intentional self-harm (suicide),1907,Males,65–69,17.0,42.7,
GRIM2013,Land transport accidents,1983,Females,30–34,39.0,6.4,
GRIM1700,"All congenital malformations, deformations and chromosomal abnormalities",2002,Males,50–54,8.0,1.2,
GRIM1022,Acute severe asthma,1914,Females,85+,,,
GRIM1801,Sudden infant death syndrome (SIDS),2010,Males,40–44,0.0,0.0,
GRIM0605,Motor neurone disease,2002,Females,30–34,0.0,0.0,
GRIM0900,All diseases of the circulatory system,1946,Females,5–9,16.0,5.6,
GRIM1304,Osteoporosis,1946,Males,60–64,,,
GRIM0225,Lung cancer,1963,Males,40–44,39.0,10.5,
GRIM0246,Skin cancer,1923,Persons,80–84,23.0,109.0,
GRIM2003,Accidental drowning,1913,Persons,20–24,,,
GRIM0239,Pancreatic cancer,2023,Males,30–34,0.0,0.0,
GRIM0400,"All endocrine, nutritional and metabolic diseases",2021,Females,35–39,26.0,2.8,
GRIM1000,All diseases of the respiratory system,1975,Persons,0–4,279.0,21.8,
GRIM2003,Accidental drowning,1991,Males,45–49,14.0,2.7,
GRIM0400,"All endocrine, nutritional and metabolic diseases",1919,Females,10–14,,,
GRIM1300,All diseases of the musculoskeletal system and connective tissue,1997,Persons,20–24,4.0,0.3,
GRIM1600,All certain conditions originating in the perinatal period,1925,Females,55–59,,,
GRIM0200,All neoplasms,1948,Males,85+,226.0,1867.8,
GRIM0400,"All endocrine, nutritional and metabolic diseases",1986,Females,70–74,192.0,72.8,
GRIM1302,Osteoarthritis,1917,Persons,Total,,,
GRIM0403,Diabetes,1996,Persons,25–29,3.0,0.2,
GRIM0500,All mental and behavioural disorders,1994,Persons,80–84,574.0,216.6,
GRIM1302,Osteoarthritis,1951,Males,5–9,,,
GRIM2009,Assault,2021,Females,60–64,1.0,0.1,
GRIM1004,Asthma,1925,Females,45–49,0.0,0.0,
GRIM0605,Motor neurone disease,1938,Persons,45–49,,,
GRIM1011,Influenza,1913,Persons,60–64,30.0,27.1,
GRIM0115,Vaccine-preventable diseases,2015,Females,40–44,1.0,0.1,
GRIM1407,Kidney failure,1927,Females,35–39,,,
GRIM0800,All diseases of the ear and mastoid process,1926,Females,55–59,1.0,0.9,
GRIM1801,Sudden infant death syndrome (SIDS),1972,Males,15–19,0.0,0.0,
GRIM2009,Assault,1935,Persons,55–59,6.0,2.1,
GRIM0700,All diseases of the eye and adnexa,1935,Males,5–9,0.0,0.0,
GRIM1000,All diseases of the respiratory system,1933,Persons,75–79,694.0,969.3,
GRIM2001,"Accidental poisoning, including drugs causing adverse effects in therapeutic use ",1998,Males,25–29,93.0,12.8,
GRIM0700,All diseases of the eye and adnexa,1975,Persons,15–19,0.0,0.0,
GRIM1020,Influenza and pneumonia,1936,Persons,85+,228.0,1500.0,
GRIM0260,Colorectal cancer,1924,Females,5–9,,,
GRIM0246,Skin cancer,1949,Persons,55–59,18.0,4.4,
GRIM0403,Diabetes,1926,Males,75–79,20.0,85.5,
GRIM0246,Skin cancer,1948,Males,70–74,21.0,26.7,
GRIM1700,"All congenital malformations, deformations and chromosomal abnormalities",1971,Females,35–39,7.0,1.9,
GRIM0300,All diseases of the blood and blood-forming organs and certain disorders involving the immune mechanism,1942,Males,0–4,,,
GRIM2017,Intentional self-harm (suicide),1981,Persons,10–14,5.0,0.4,
GRIM0403,Diabetes,1947,Persons,45–49,31.0,6.7,
GRIM0500,All mental and behavioural disorders,1918,Males,60–64,,,
GRIM0100,All certain infectious and parasitic diseases,2004,Males,65–69,62.0,17.2,
GRIM2025,Accidental poisoning,1994,Males,10–14,0.0,0.0,
GRIM0115,Vaccine-preventable diseases,1956,Females,0–4,,,
GRIM0300,All diseases of the blood and blood-forming organs and certain disorders involving the immune mechanism,2005,Males,20–24,3.0,0.4,
GRIM1600,All certain conditions originating in the perinatal period,1978,Females,15–19,0.0,0.0,
GRIM1004,Asthma,1995,Females,5–9,1.0,0.2,
GRIM0913,Stroke,1933,Males,Total,,,
GRIM0400,"All endocrine, nutritional and metabolic diseases",1983,Males,70–74,174.0,91.3,
GRIM0239,Pancreatic cancer,1988,Females,40–44,5.0,0.9,
GRIM1500,"All pregnancy, childbirth and the puerperium",1935,Males,10–14,,,
GRIM0227,Melanoma,1945,Females,20–24,,,
GRIM1700,"All congenital malformations, deformations and chromosomal abnormalities",1979,Females,75–79,4.0,2.7,
GRIM0403,Diabetes,2004,Females,65–69,126.0,33.9,
GRIM0003,Dementia including Alzheimer's disease,1951,Females,20–24,,,
GRIM1100,All diseases of the digestive system,1919,Females,20–24,,,
GRIM0206,Breast cancer,1966,Persons,50–54,167.0,25.9,
GRIM0200,All neoplasms,2012,Males,Total,24559.0,217.1,212.6
GRIM1306,Rheumatoid arthritis,1980,Females,85+,17.0,23.8,
GRIM0907,Heart failure,2018,Persons,55–59,17.0,1.1,
GRIM0800,All diseases of the ear and mastoid process,2011,Persons,55–59,0.0,0.0,
GRIM0005,Chronic kidney disease,1944,Persons,75–79,,,
GRIM0300,All diseases of the blood and blood-forming organs and certain disorders involving the immune mechanism,1907,Males,15–19,,,
GRIM2013,Land transport accidents,1952,Persons,85+,,,
GRIM0239,Pancreatic cancer,1920,Males,80–84,1.0,10.6,
GRIM1600,All certain conditions originating in the perinatal period,1962,Males,70–74,,,
GRIM1011,Influenza,1909,Males,80–84,7.0,84.3,
GRIM2017,Intentional self-harm (suicide),2015,Persons,45–49,340.0,21.8,
GRIM1020,Influenza and pneumonia,2016,Persons,Total,3148.0,13.0,9.9
GRIM0000,All causes combined,2008,Females,10–14,49.0,7.3,
GRIM1000,All diseases of the respiratory system,1911,Females,65–69,147.0,400.5,
GRIM0913,Stroke,1942,Males,0–4,,,
GRIM1008,Chronic obstructive pulmonary disease (COPD),2016,Females,55–59,71.0,9.4,
GRIM1023,Coronavirus disease 2019 (COVID-19),2019,Females,75–79,,,
GRIM1023,Coronavirus disease 2019 (COVID-19),2009,Males,50–54,,,
GRIM0600,All diseases of the nervous system,2008,Males,10–14,10.0,1.4,
GRIM0206,Breast cancer,1969,Males,55–59,0.0,0.0,
GRIM1306,Rheumatoid arthritis,1995,Females,50–54,3.0,0.6,
GRIM1021,Selected respiratory conditions,1911,Males,50–54,,,
GRIM2025,Accidental poisoning,1927,Persons,0–4,,,
GRIM0246,Skin cancer,1914,Persons,50–54,11.0,5.2,
GRIM0206,Breast cancer,1917,Males,80–84,0.0,0.0,
GRIM0500,All mental and behavioural disorders,1936,Males,Total,,,
GRIM1106,Liver disease,1958,Persons,20–24,,,
GRIM1600,All certain conditions originating in the perinatal period,1949,Males,50–54,,,
GRIM1000,All diseases of the respiratory system,1912,Persons,25–29,130.0,32.7,
GRIM1304,Osteoporosis,1938,Persons,15–19,,,
GRIM0239,Pancreatic cancer,2008,Persons,15–19,0.0,0.0,
GRIM0000,All causes combined,1989,Persons,0–4,2421.0,194.6,
GRIM0260,Colorectal cancer,1991,Females,40–44,34.0,5.3,
GRIM1700,"All congenital malformations, deformations and chromosomal abnormalities",1996,Females,70–74,6.0,1.8,
GRIM1011,Influenza,1962,Males,45–49,5.0,1.5,
GRIM0246,Skin cancer,2002,Persons,Total,1462.0,7.5,7.4
GRIM1022,Acute severe asthma,1914,Persons,5–9,,,
GRIM0300,All diseases of the blood and blood-forming organs and certain disorders involving the immune mechanism,1998,Persons,50–54,14.0,1.2,
GRIM1023,Coronavirus disease 2019 (COVID-19),1915,Females,40–44,,,
GRIM0909,Coronary heart disease,2004,Males,30–34,29.0,3.9,
GRIM1407,Kidney failure,1924,Females,40–44,,,
GRIM0600,All diseases of the nervous system,1935,Persons,85+,,,
GRIM0206,Breast cancer,1978,Males,0–4,0.0,0.0,
GRIM1304,Osteoporosis,1964,Persons,40–44,,,
GRIM0909,Coronary heart disease,2016,Males,65–69,888.0,150.7,
GRIM2003,Accidental drowning,1922,Males,80–84,,,
GRIM0246,Skin cancer,1950,Females,75–79,10.0,15.7,
GRIM0909,Coronary heart disease,1971,Persons,45–49,1087.0,136.2,
GRIM0000,All causes combined,2007,Persons,5–9,119.0,9.0,
GRIM1022,Acute severe asthma,2015,Females,25–29,0.0,0.0,
GRIM1400,All diseases of the genitourinary system,1950,Males,75–79,,,
GRIM1302,Osteoarthritis,1978,Persons,30–34,,,
GRIM1004,Asthma,1969,Persons,5–9,3.0,0.2,
GRIM0400,"All endocrine, nutritional and metabolic diseases",1997,Males,45–49,48.0,7.4,
GRIM1100,All diseases of the digestive system,1990,Persons,50–54,173.0,21.1,
GRIM1800,"All symptoms, signs and abnormal clinical and laboratory findings, not elsewhere classified",1958,Females,70–74,,,
GRIM0239,Pancreatic cancer,1998,Females,60–64,66.0,17.8,
GRIM0900,All diseases of the circulatory system,2007,Persons,Total,46944.0,225.4,201.9
GRIM2003,Accidental drowning,1935,Persons,50–54,,,
GRIM1302,Osteoarthritis,2007,Females,35–39,0.0,0.0,
GRIM1100,All diseases of the digestive system,1920,Persons,70–74,,,
GRIM2009,Assault,2003,Persons,80–84,2.0,0.6,
GRIM0100,All certain infectious and parasitic diseases,1953,Males,70–74,133.0,143.6,
GRIM1300,All diseases of the musculoskeletal system and connective tissue,2020,Females,45–49,6.0,0.7,
GRIM2025,Accidental poisoning,1974,Males,Total,,,
GRIM0500,All mental and behavioural disorders,2016,Females,20–24,1.0,0.1,
GRIM1304,Osteoporosis,1988,Females,50–54,0.0,0.0,
GRIM0005,Chronic kidney disease,1983,Females,30–34,4.0,0.7,
GRIM0225,Lung cancer,1923,Males,40–44,,,
GRIM1500,"All pregnancy, childbirth and the puerperium",1944,Males,15–19,,,
GRIM1500,"All pregnancy, childbirth and the puerperium",1927,Males,35–39,,,
GRIM1004,Asthma,2022,Males,80–84,17.0,6.5,
GRIM1011,Influenza,1955,Persons,80–84,17.0,24.5,
GRIM1021,Selected respiratory conditions,1927,Males,85+,,,
GRIM0600,All diseases of the nervous system,2015,Females,5–9,8.0,1.1,
GRIM0115,Vaccine-preventable diseases,2008,Persons,30–34,0.0,0.0,
GRIM0000,All causes combined,1973,Females,30–34,330.0,78.3,
GRIM1800,"All symptoms, signs and abnormal clinical and laboratory findings, not elsewhere classified",1950,Males,80–84,,,
GRIM0100,All certain infectious and parasitic diseases,1946,Persons,50–54,315.0,73.3,
GRIM1300,All diseases of the musculoskeletal system and connective tissue,1974,Females,35–39,2.0,0.5,
GRIM0200,All neoplasms,2022,Persons,0–4,31.0,2.0,
GRIM1004,Asthma,2023,Persons,80–84,54.0,9.3,
GRIM1100,All diseases of the digestive system,1996,Females,40–44,27.0,4.0,
GRIM1407,Kidney failure,1955,Males,85+,,,
GRIM0260,Colorectal cancer,1939,Females,10–14,,,
GRIM1800,"All symptoms, signs and abnormal clinical and laboratory findings, not elsewhere classified",1951,Persons,55–59,,,
GRIM1106,Liver disease,1914,Males,25–29,,,
GRIM0500,All mental and behavioural disorders,1995,Females,55–59,14.0,3.6,
GRIM2009,Assault,1933,Females,10–14,1.0,0.3,
GRIM2003,Accidental drowning,2001,Females,45–49,3.0,0.4,
GRIM1004,Asthma,1970,Females,5–9,1.0,0.2,
GRIM0239,Pancreatic cancer,1924,Persons,Total,135.0,2.3,4.0
GRIM0225,Lung cancer,2004,Males,70–74,901.0,302.6,
GRIM0227,Melanoma,1993,Males,0–4,0.0,0.0,
GRIM1700,"All congenital malformations, deformations and chromosomal abnormalities",2019,Persons,75–79,21.0,2.9,
GRIM0242,Prostate cancer,1935,Persons,30–34,0.0,0.0,
GRIM0700,All diseases of the eye and adnexa,2002,Persons,15–19,0.0,0.0,
GRIM0206,Breast cancer,1950,Persons,50–54,101.0,23.0,
GRIM1106,Liver disease,1951,Females,35–39,,,
GRIM1302,Osteoarthritis,1948,Females,65–69,,,
GRIM0206,Breast cancer,1997,Males,55–59,0.0,0.0,
GRIM0246,Skin cancer,1986,Males,55–59,45.0,11.7,
GRIM0003,Dementia including Alzheimer's disease,1976,Persons,70–74,,,
GRIM1008,Chronic obstructive pulmonary disease (COPD),2006,Males,50–54,18.0,2.7,
GRIM1407,Kidney failure,1984,Females,60–64,11.0,3.1,
GRIM0239,Pancreatic cancer,1982,Persons,25–29,2.0,0.2,
GRIM1100,All diseases of the digestive system,1992,Males,30–34,25.0,3.4,
GRIM1008,Chronic obstructive pulmonary disease (COPD),1945,Males,35–39,,,
GRIM0908,Hypertensive disease,1909,Males,65–69,,,
GRIM2000,All external causes of morbidity and mortality,1993,Females,55–59,70.0,18.7,
GRIM0908,Hypertensive disease,1934,Persons,45–49,,,
GRIM0900,All diseases of the circulatory system,1966,Males,45–49,966.0,282.2,
GRIM1000,All diseases of the respiratory system,1914,Females,80–84,195.0,2292.0,
GRIM0005,Chronic kidney disease,2023,Males,0–4,8.0,1.0,
GRIM0003,Dementia including Alzheimer's disease,2009,Females,60–64,31.0,5.4,
GRIM0600,All diseases of the nervous system,1927,Males,15–19,,,
GRIM2003,Accidental drowning,1982,Males,10–14,6.0,0.9,
GRIM0115,Vaccine-preventable diseases,1989,Males,60–64,,,
GRIM0600,All diseases of the nervous system,1931,Males,50–54,,,
GRIM1020,Influenza and pneumonia,1955,Persons,80–84,391.0,564.2,
GRIM0260,Colorectal cancer,1943,Persons,25–29,,,
GRIM0005,Chronic kidney disease,1937,Persons,75–79,,,
GRIM1801,Sudden infant death syndrome (SIDS),1952,Males,25–29,,,
GRIM0100,All certain infectious and parasitic diseases,1968,Persons,30–34,13.0,1.8,
GRIM1200,All diseases of the skin and subcutaneous tissue,1922,Persons,20–24,,,
GRIM0246,Skin cancer,2019,Persons,0–4,1.0,0.1,
GRIM2003,Accidental drowning,2022,Females,0–4,9.0,1.2,
GRIM1200,All diseases of the skin and subcutaneous tissue,1910,Females,10–14,,,
GRIM1021,Selected respiratory conditions,1968,Females,85+,,,
GRIM0900,All diseases of the circulatory system,1974,Females,10–14,10.0,1.6,
GRIM1023,Coronavirus disease 2019 (COVID-19),2017,Persons,50–54,,,
GRIM0500,All mental and behavioural disorders,1935,Males,60–64,,,
GRIM0206,Breast cancer,1988,Females,65–69,296.0,89.9,
GRIM0300,All diseases of the blood and blood-forming organs and certain disorders involving the immune mechanism,2005,Persons,80–84,70.0,17.9,
GRIM1022,Acute severe asthma,2020,Males,35–39,0.0,0.0,
GRIM1304,Osteoporosis,1923,Males,30–34,,,
GRIM0227,Melanoma,2001,Males,20–24,7.0,1.1,
GRIM1304,Osteoporosis,1953,Persons,0–4,,,
GRIM0260,Colorectal cancer,1950,Males,10–14,,,
GRIM0003,Dementia including Alzheimer's disease,2016,Females,60–64,36.0,5.4,
GRIM0115,Vaccine-preventable diseases,1955,Persons,45–49,,,
GRIM1306,Rheumatoid arthritis,1977,Persons,20–24,,,
GRIM1300,All diseases of the musculoskeletal system and connective tissue,1954,Persons,15–19,,,
GRIM0000,All causes combined,1933,Males,45–49,1682.0,809.8,
GRIM1011,Influenza,1966,Males,50–54,4.0,1.2,
GRIM0000,All causes combined,1945,Females,55–59,2028.0,1046.4,
GRIM1304,Osteoporosis,1940,Females,10–14,,,
GRIM0400,"All endocrine, nutritional and metabolic diseases",1967,Persons,75–79,383.0,191.7,
GRIM0909,Coronary heart disease,1971,Males,70–74,3036.0,2389.7,
GRIM0005,Chronic kidney disease,1988,Females,45–49,9.0,2.1,
GRIM0600,All diseases of the nervous system,2012,Males,60–64,121.0,19.9,
GRIM1306,Rheumatoid arthritis,1950,Males,65–69,,,
GRIM0909,Coronary heart disease,1965,Persons,80–84,3110.0,3170.2,
GRIM1021,Selected respiratory conditions,1908,Males,65–69,,,
GRIM1801,Sudden infant death syndrome (SIDS),1953,Persons,45–49,,,
GRIM0239,Pancreatic cancer,1989,Females,15–19,0.0,0.0,
GRIM2017,Intentional self-harm (suicide),1986,Persons,5–9,0.0,0.0,
GRIM1302,Osteoarthritis,1919,Persons,75–79,,,
GRIM2009,Assault,1965,Females,55–59,1.0,0.4,
GRIM1021,Selected respiratory conditions,1962,Females,30–34,,,
GRIM1020,Influenza and pneumonia,2022,Persons,Total,2776.0,10.7,7.6
GRIM1023,Coronavirus disease 2019 (COVID-19),1981,Persons,40–44,,,
GRIM1100,All diseases of the digestive system,1971,Females,5–9,3.0,0.5,
GRIM1700,"All congenital malformations, deformations and chromosomal abnormalities",1977,Females,70–74,7.0,3.6,
GRIM1302,Osteoarthritis,2001,Males,25–29,0.0,0.0,
GRIM1500,"All pregnancy, childbirth and the puerperium",1929,Males,80–84,,,
GRIM0225,Lung cancer,1924,Males,75–79,,,
GRIM1302,Osteoarthritis,2006,Persons,75–79,6.0,1.1,
GRIM1306,Rheumatoid arthritis,1953,Females,80–84,,,
GRIM0000,All causes combined,2020,Females,55–59,2217.0,277.4,
GRIM1004,Asthma,1911,Persons,30–34,1.0,0.3,
GRIM2009,Assault,1977,Males,20–24,15.0,2.5,
GRIM2001,"Accidental poisoning, including drugs causing adverse effects in therapeutic use ",1917,Females,75–79,,,
GRIM1100,All diseases of the digestive system,1998,Persons,60–64,248.0,33.5,
GRIM0003,Dementia including Alzheimer's disease,1924,Females,0–4,,,
GRIM0908,Hypertensive disease,2013,Persons,35–39,0.0,0.0,
GRIM1021,Selected respiratory conditions,1968,Persons,25–29,,,
GRIM0246,Skin cancer,1954,Persons,30–34,12.0,1.7,
GRIM2003,Accidental drowning,1977,Males,60–64,,,
GRIM0003,Dementia including Alzheimer's disease,2011,Males,30–34,0.0,0.0,
GRIM0225,Lung cancer,1919,Persons,35–39,,,
GRIM0115,Vaccine-preventable diseases,1928,Persons,25–29,,,
GRIM0907,Heart failure,1963,Persons,85+,,,
GRIM2003,Accidental drowning,1963,Females,0–4,,,
GRIM0600,All diseases of the nervous system,1944,Females,70–74,,,
GRIM1022,Acute severe asthma,1911,Females,15–19,,,
GRIM0300,All diseases of the blood and blood-forming organs and certain disorders involving the immune mechanism,1971,Males,5–9,3.0,0.5,
GRIM0400,"All endocrine, nutritional and metabolic diseases",1960,Females,45–49,16.0,5.0,
GRIM1801,Sudden infant death syndrome (SIDS),2018,Females,45–49,0.0,0.0,
GRIM0605,Motor neurone disease,2016,Females,60–64,30.0,4.5,
GRIM1801,Sudden infant death syndrome (SIDS),1954,Males,40–44,,,
GRIM0600,All diseases of the nervous system,1986,Females,75–79,141.0,73.6,
GRIM1100,All diseases of the digestive system,2004,Persons,55–59,224.0,18.9,
GRIM1300,All diseases of the musculoskeletal system and connective tissue,1918,Persons,60–64,,,
GRIM0900,All diseases of the circulatory system,1980,Persons,Total,55767.0,379.5,560.4
GRIM2001,"Accidental poisoning, including drugs causing adverse effects in therapeutic use ",2007,Females,25–29,24.0,3.4,
GRIM1021,Selected respiratory conditions,2020,Males,15–19,2.0,0.3,
GRIM1020,Influenza and pneumonia,1985,Males,55–59,40.0,10.4,
GRIM1800,"All symptoms, signs and abnormal clinical and laboratory findings, not elsewhere classified",1940,Males,65–69,,,
GRIM1200,All diseases of the skin and subcutaneous tissue,1922,Persons,50–54,,,
GRIM2001,"Accidental poisoning, including drugs causing adverse effects in therapeutic use ",2001,Females,10–14,0.0,0.0,
GRIM2003,Accidental drowning,2016,Males,35–39,9.0,1.1,
GRIM1106,Liver disease,1922,Persons,50–54,,,
GRIM0260,Colorectal cancer,1956,Males,35–39,,,
GRIM2009,Assault,1948,Persons,85+,0.0,0.0,
GRIM0003,Dementia including Alzheimer's disease,1992,Males,45–49,0.0,0.0,
GRIM0500,All mental and behavioural disorders,1957,Males,40–44,,,
GRIM2000,All external causes of morbidity and mortality,1963,Males,35–39,379.0,95.7,
GRIM0225,Lung cancer,1916,Males,80–84,,,
GRIM1500,"All pregnancy, childbirth and the puerperium",1980,Persons,40–44,3.0,0.4,
GRIM1400,All diseases of the genitourinary system,1944,Persons,85+,,,
GRIM0908,Hypertensive disease,1924,Persons,80–84,,,
GRIM1106,Liver disease,1959,Males,10–14,,,
GRIM2003,Accidental drowning,1918,Females,20–24,,,
GRIM1020,Influenza and pneumonia,1991,Females,5–9,1.0,0.2,
GRIM0260,Colorectal cancer,1955,Males,60–64,,,
GRIM2003,Accidental drowning,1965,Persons,55–59,,,
GRIM0000,All causes combined,2023,Females,10–14,69.0,8.6,
GRIM0227,Melanoma,2018,Males,35–39,11.0,1.3,
GRIM1020,Influenza and pneumonia,1966,Males,60–64,128.0,59.3,
GRIM0003,Dementia including Alzheimer's disease,1919,Males,5–9,,,
GRIM1600,All certain conditions originating in the perinatal period,1936,Persons,30–34,,,
GRIM0800,All diseases of the ear and mastoid process,1976,Females,45–49,0.0,0.0,
GRIM0260,Colorectal cancer,2009,Persons,60–64,490.0,42.3,
GRIM0200,All neoplasms,1976,Persons,85+,1495.0,1767.2,
GRIM1100,All diseases of the digestive system,1972,Females,55–59,106.0,33.7,
GRIM1200,All diseases of the skin and subcutaneous tissue,1938,Persons,70–74,,,
GRIM0227,Melanoma,1960,Males,40–44,15.0,4.5,
GRIM1400,All diseases of the genitourinary system,2020,Females,75–79,173.0,43.3,
GRIM0908,Hypertensive disease,1949,Males,70–74,,,
GRIM0206,Breast cancer,1951,Persons,50–54,114.0,25.5,
GRIM1407,Kidney failure,1919,Females,20–24,,,
